Recency,Frequency,Monetary,AvgOrderValue,UniqueProducts,UniqueCategories,TotalItems,TotalProfit,Cluster
64.52688172043011,5.60752688172043,1603.0594763440859,300.7503370903738,9.951612903225806,3.0,36.13440860215054,136.14439569892474,0
63.12592592592592,8.911111111111111,2964.3689777777777,338.8085782573887,18.362962962962964,3.0,69.7925925925926,253.49422,1
70.64044943820224,7.078651685393258,4495.583958426966,655.5292328941503,15.112359550561798,3.0,59.01123595505618,805.8321988764044,2
284.71212121212125,5.515151515151516,1871.6129333333333,356.91570179894177,10.484848484848484,3.0,39.18181818181818,246.9609393939394,3
