Segment,Customer_Count,Total_Revenue,Total_Profit,Avg_Order_Value,Orders_Per_Customer,Profit_Margin,Revenue_Per_Customer,Primary_Category,Primary_Region,Revenue_Share,Customer_Share
Potential Loyalists,186,298169.06260000006,25322.857600000003,285.87637833173534,9.994623655913978,0.08492785059317552,1603.0594763440863,Office Supplies,West,24.400240695297253,39.075630252100844
Loyal Customers,135,400189.81200000003,34221.7197,332.65986034912714,18.488888888888887,0.08551372042424708,2964.368977777778,Office Supplies,West,32.74896346206562,28.361344537815125
Champions,89,400106.97229999996,71719.0657,635.0904322222223,15.123595505617978,0.17924972736097458,4495.583958426966,Office Supplies,West,32.7421843931659,18.69747899159664
At Risk,66,123526.4536,16299.422,339.358389010989,10.5,0.13195086173833134,1871.6129333333333,Office Supplies,West,10.10861144947124,13.865546218487395
